model,n,prop_extreme,magnitude_level,treatment,mean_est,bias,emp_se,rmse,coverage,n_fail,order_treatment
gamma,1000,0.01,1,raw,-0.003,-0.003,0.8153,0.8133,0.8492,1,1
gamma,1000,0.01,1,topcode,0.0209,0.0209,0.1937,0.1944,0.96,0,2
gamma,1000,0.01,1,mean_adj,-0.0036,-0.0036,0.1268,0.1265,0.98,0,3
gamma,1000,0.01,1,median_adj,-0.0015,-0.0015,0.1288,0.1284,0.95,0,4
logit,1000,0.01,1,raw,0.0235,0.0235,0.195,0.1959,0.955,0,1
logit,1000,0.01,1,topcode,0.0141,0.0141,0.1993,0.1993,0.935,0,2
logit,1000,0.01,1,mean_adj,-0.0039,-0.0039,0.1908,0.1904,0.955,0,3
logit,1000,0.01,1,median_adj,0.0338,0.0338,0.1937,0.1961,0.945,0,4
logols,1000,0.01,1,raw,0.0015,0.0015,0.3178,0.317,0.95,0,1
logols,1000,0.01,1,topcode,-0.012,-0.012,0.3217,0.3211,0.945,0,2
logols,1000,0.01,1,mean_adj,-0.0544,-0.0544,0.3023,0.3064,0.965,0,3
logols,1000,0.01,1,median_adj,0.019,0.019,0.3141,0.3139,0.95,0,4
gamma,1000,0.01,2,raw,-0.0696,-0.0696,1.0216,1.021,0.8363,29,1
gamma,1000,0.01,2,topcode,0.0034,0.0034,0.2507,0.2501,0.95,0,2
gamma,1000,0.01,2,mean_adj,-2.00E-04,-2.00E-04,0.1157,0.1154,0.97,0,3
gamma,1000,0.01,2,median_adj,-0.005,-0.005,0.1287,0.1285,0.975,0,4
logit,1000,0.01,2,raw,0.005,0.005,0.1766,0.1762,0.985,0,1
logit,1000,0.01,2,topcode,0.0074,0.0074,0.1812,0.1809,0.975,0,2
logit,1000,0.01,2,mean_adj,0.006,0.006,0.1912,0.1908,0.955,0,3
logit,1000,0.01,2,median_adj,0.0146,0.0146,0.1824,0.1825,0.96,0,4
logols,1000,0.01,2,raw,-0.0393,-0.0393,0.2959,0.2977,0.98,0,1
logols,1000,0.01,2,topcode,-0.0148,-0.0148,0.2935,0.2932,0.98,0,2
logols,1000,0.01,2,mean_adj,-0.0313,-0.0313,0.3066,0.3075,0.965,0,3
logols,1000,0.01,2,median_adj,-0.0153,-0.0153,0.2979,0.2975,0.96,0,4
gamma,1000,0.01,3,raw,-0.1288,-0.1288,1.1165,1.12,0.8542,56,1
gamma,1000,0.01,3,topcode,0.0054,0.0054,0.2544,0.2538,0.925,0,2
gamma,1000,0.01,3,mean_adj,-0.0194,-0.0194,0.1479,0.1488,0.97,0,3
gamma,1000,0.01,3,median_adj,0.0014,0.0014,0.1219,0.1216,0.965,0,4
logit,1000,0.01,3,raw,-6.00E-04,-6.00E-04,0.184,0.1835,0.965,0,1
logit,1000,0.01,3,topcode,0.0077,0.0077,0.1747,0.1745,0.98,0,2
logit,1000,0.01,3,mean_adj,0.0058,0.0058,0.1875,0.1871,0.96,0,3
logit,1000,0.01,3,median_adj,0.0191,0.0191,0.1989,0.1993,0.935,0,4
logols,1000,0.01,3,raw,-0.0368,-0.0368,0.3036,0.3051,0.965,0,1
logols,1000,0.01,3,topcode,-0.0274,-0.0274,0.2918,0.2924,0.975,0,2
logols,1000,0.01,3,mean_adj,-0.0378,-0.0378,0.301,0.3026,0.955,0,3
logols,1000,0.01,3,median_adj,-0.0193,-0.0193,0.3168,0.3165,0.94,0,4
gamma,1000,0.05,1,raw,-7.00E-04,-7.00E-04,0.6049,0.6034,0.904,2,1
gamma,1000,0.05,1,topcode,0.0311,0.0311,0.5333,0.5329,0.95,0,2
gamma,1000,0.05,1,mean_adj,0.0222,0.0222,0.5278,0.527,0.945,0,3
gamma,1000,0.05,1,median_adj,-0.0226,-0.0226,0.5193,0.5185,0.93,0,4
logit,1000,0.05,1,raw,0.0102,0.0102,0.18,0.1798,0.97,0,1
logit,1000,0.05,1,topcode,0.0248,0.0248,0.1849,0.1861,0.97,0,2
logit,1000,0.05,1,mean_adj,0.0044,0.0044,0.2044,0.2039,0.935,0,3
logit,1000,0.05,1,median_adj,-7.00E-04,-7.00E-04,0.169,0.1686,0.99,0,4
logols,1000,0.05,1,raw,-0.0332,-0.0332,0.3181,0.3191,0.965,0,1
logols,1000,0.05,1,topcode,-3.00E-04,-3.00E-04,0.3141,0.3133,0.97,0,2
logols,1000,0.05,1,mean_adj,-0.0347,-0.0347,0.3563,0.3571,0.93,0,3
logols,1000,0.05,1,median_adj,-0.0296,-0.0296,0.3088,0.3094,0.96,0,4
gamma,1000,0.05,2,raw,0.1015,0.1015,0.7608,0.7656,0.8756,7,1
gamma,1000,0.05,2,topcode,0.0036,0.0036,0.6283,0.6267,0.9487,5,2
gamma,1000,0.05,2,mean_adj,0.0146,0.0146,0.6389,0.6375,0.9091,2,3
gamma,1000,0.05,2,median_adj,0.0126,0.0126,0.6641,0.6625,0.9137,3,4
logit,1000,0.05,2,raw,0.0114,0.0114,0.1897,0.1896,0.965,0,1
logit,1000,0.05,2,topcode,0.0118,0.0118,0.195,0.1949,0.95,0,2
logit,1000,0.05,2,mean_adj,0.0062,0.0062,0.1899,0.1895,0.955,0,3
logit,1000,0.05,2,median_adj,-0.0134,-0.0134,0.1889,0.1889,0.975,0,4
logols,1000,0.05,2,raw,-0.0166,-0.0166,0.346,0.3456,0.955,0,1
logols,1000,0.05,2,topcode,-0.0377,-0.0377,0.3439,0.3451,0.945,0,2
logols,1000,0.05,2,mean_adj,-0.0267,-0.0267,0.3214,0.3217,0.965,0,3
logols,1000,0.05,2,median_adj,-0.0678,-0.0678,0.3081,0.3148,0.965,0,4
gamma,1000,0.05,3,raw,-0.0534,-0.0534,0.7549,0.7546,0.9148,24,1
gamma,1000,0.05,3,topcode,-0.0215,-0.0215,0.6801,0.6787,0.9184,4,2
gamma,1000,0.05,3,mean_adj,-0.0499,-0.0499,0.7067,0.7067,0.9128,5,3
gamma,1000,0.05,3,median_adj,-0.023,-0.023,0.6986,0.6971,0.9267,9,4
logit,1000,0.05,3,raw,0.0036,0.0036,0.1767,0.1763,0.975,0,1
logit,1000,0.05,3,topcode,0.0047,0.0047,0.1699,0.1696,0.97,0,2
logit,1000,0.05,3,mean_adj,0.0019,0.0019,0.2011,0.2006,0.945,0,3
logit,1000,0.05,3,median_adj,-0.0186,-0.0186,0.1824,0.1829,0.965,0,4
logols,1000,0.05,3,raw,-0.0365,-0.0365,0.3164,0.3178,0.98,0,1
logols,1000,0.05,3,topcode,-0.0523,-0.0523,0.3229,0.3263,0.965,0,2
logols,1000,0.05,3,mean_adj,-0.0264,-0.0264,0.3432,0.3434,0.96,0,3
logols,1000,0.05,3,median_adj,-0.0748,-0.0748,0.3134,0.3214,0.95,0,4
gamma,1000,0.1,1,raw,-0.0139,-0.0139,0.4781,0.4771,0.925,0,1
gamma,1000,0.1,1,topcode,0.0361,0.0361,0.4139,0.4145,0.94,0,2
gamma,1000,0.1,1,mean_adj,0.0144,0.0144,0.4576,0.4567,0.915,0,3
gamma,1000,0.1,1,median_adj,0.0533,0.0533,0.4483,0.4503,0.9095,1,4
logit,1000,0.1,1,raw,-0.0026,-0.0026,0.1927,0.1922,0.965,0,1
logit,1000,0.1,1,topcode,0.0242,0.0242,0.2017,0.2027,0.94,0,2
logit,1000,0.1,1,mean_adj,-0.0148,-0.0148,0.1945,0.1945,0.95,0,3
logit,1000,0.1,1,median_adj,-0.0015,-0.0015,0.1985,0.1981,0.92,0,4
logols,1000,0.1,1,raw,-0.0534,-0.0534,0.3357,0.339,0.98,0,1
logols,1000,0.1,1,topcode,0.0432,0.0432,0.3921,0.3935,0.92,0,2
logols,1000,0.1,1,mean_adj,-0.0675,-0.0675,0.3512,0.3567,0.96,0,3
logols,1000,0.1,1,median_adj,-0.0391,-0.0391,0.3364,0.3379,0.95,0,4
gamma,1000,0.1,2,raw,-0.0214,-0.0214,0.5262,0.5254,0.9196,1,1
gamma,1000,0.1,2,topcode,-0.0234,-0.0234,0.5128,0.512,0.9293,2,2
gamma,1000,0.1,2,mean_adj,0.0262,0.0262,0.4899,0.4893,0.9495,2,3
gamma,1000,0.1,2,median_adj,0.001,0.001,0.4884,0.4872,0.91,0,4
logit,1000,0.1,2,raw,0.0307,0.0307,0.1971,0.199,0.95,0,1
logit,1000,0.1,2,topcode,-0.0105,-0.0105,0.1918,0.1916,0.955,0,2
logit,1000,0.1,2,mean_adj,0.0162,0.0162,0.1756,0.1759,0.97,0,3
logit,1000,0.1,2,median_adj,0.0174,0.0174,0.1906,0.191,0.95,0,4
logols,1000,0.1,2,raw,-0.0057,-0.0057,0.3733,0.3724,0.955,0,1
logols,1000,0.1,2,topcode,-0.0266,-0.0266,0.3288,0.3291,0.95,0,2
logols,1000,0.1,2,mean_adj,-0.005,-0.005,0.3232,0.3224,0.96,0,3
logols,1000,0.1,2,median_adj,-0.0019,-0.0019,0.3463,0.3455,0.965,0,4
gamma,1000,0.1,3,raw,8.00E-04,8.00E-04,0.558,0.5566,0.9337,4,1
gamma,1000,0.1,3,topcode,-0.0104,-0.0104,0.5608,0.5595,0.9095,1,2
gamma,1000,0.1,3,mean_adj,-0.0022,-0.0022,0.5431,0.5418,0.934,3,3
gamma,1000,0.1,3,median_adj,-0.0447,-0.0447,0.5207,0.5213,0.9347,1,4
logit,1000,0.1,3,raw,-0.0012,-0.0012,0.2039,0.2034,0.94,0,1
logit,1000,0.1,3,topcode,0.02,0.02,0.1998,0.2003,0.93,0,2
logit,1000,0.1,3,mean_adj,-0.006,-0.006,0.1815,0.1811,0.97,0,3
logit,1000,0.1,3,median_adj,-0.0192,-0.0192,0.1916,0.1921,0.955,0,4
logols,1000,0.1,3,raw,-0.0248,-0.0248,0.3939,0.3937,0.945,0,1
logols,1000,0.1,3,topcode,-0.0196,-0.0196,0.3803,0.3799,0.935,0,2
logols,1000,0.1,3,mean_adj,-0.038,-0.038,0.3705,0.3716,0.96,0,3
logols,1000,0.1,3,median_adj,-0.0969,-0.0969,0.3584,0.3704,0.95,0,4
gamma,2000,0.01,1,raw,0.0278,0.0278,0.5662,0.5655,0.915,0,1
gamma,2000,0.01,1,topcode,0.0284,0.0284,0.1489,0.1512,0.93,0,2
gamma,2000,0.01,1,mean_adj,-0.0019,-0.0019,0.0697,0.0695,0.98,0,3
gamma,2000,0.01,1,median_adj,0.0041,0.0041,0.0738,0.0737,0.97,0,4
logit,2000,0.01,1,raw,-0.0146,-0.0146,0.1231,0.1237,0.985,0,1
logit,2000,0.01,1,topcode,-0.0044,-0.0044,0.137,0.1367,0.935,0,2
logit,2000,0.01,1,mean_adj,7.00E-04,7.00E-04,0.136,0.1357,0.95,0,3
logit,2000,0.01,1,median_adj,0.0112,0.0112,0.1374,0.1375,0.94,0,4
logols,2000,0.01,1,raw,-0.059,-0.059,0.2067,0.2145,0.98,0,1
logols,2000,0.01,1,topcode,-0.0453,-0.0453,0.227,0.231,0.93,0,2
logols,2000,0.01,1,mean_adj,-0.0379,-0.0379,0.2175,0.2202,0.945,0,3
logols,2000,0.01,1,median_adj,-0.0184,-0.0184,0.2212,0.2214,0.94,0,4
gamma,2000,0.01,2,raw,0.0472,0.0472,0.7971,0.7965,0.8615,5,1
gamma,2000,0.01,2,topcode,0.046,0.046,0.1579,0.1641,0.925,0,2
gamma,2000,0.01,2,mean_adj,0.0086,0.0086,0.0762,0.0765,0.98,0,3
gamma,2000,0.01,2,median_adj,-0.0011,-0.0011,0.0752,0.0751,0.95,0,4
logit,2000,0.01,2,raw,0.013,0.013,0.1366,0.1369,0.95,0,1
logit,2000,0.01,2,topcode,0.0113,0.0113,0.1375,0.1376,0.97,0,2
logit,2000,0.01,2,mean_adj,-0.0105,-0.0105,0.1292,0.1293,0.985,0,3
logit,2000,0.01,2,median_adj,0.0172,0.0172,0.1242,0.125,0.98,0,4
logols,2000,0.01,2,raw,-0.0117,-0.0117,0.222,0.2218,0.965,0,1
logols,2000,0.01,2,topcode,-0.0205,-0.0205,0.2254,0.2257,0.965,0,2
logols,2000,0.01,2,mean_adj,-0.0582,-0.0582,0.2075,0.215,0.995,0,3
logols,2000,0.01,2,median_adj,-0.0142,-0.0142,0.199,0.199,0.985,0,4
gamma,2000,0.01,3,raw,-0.0845,-0.0845,0.9487,0.9498,0.8478,16,1
gamma,2000,0.01,3,topcode,0.0131,0.0131,0.1537,0.1539,0.935,0,2
gamma,2000,0.01,3,mean_adj,6.00E-04,6.00E-04,0.0726,0.0724,0.98,0,3
gamma,2000,0.01,3,median_adj,-6.00E-04,-6.00E-04,0.0728,0.0727,0.945,0,4
logit,2000,0.01,3,raw,0.0086,0.0086,0.1233,0.1233,0.965,0,1
logit,2000,0.01,3,topcode,-0.0059,-0.0059,0.1365,0.1363,0.95,0,2
logit,2000,0.01,3,mean_adj,0.0025,0.0025,0.14,0.1396,0.95,0,3
logit,2000,0.01,3,median_adj,0.0045,0.0045,0.1355,0.1352,0.955,0,4
logols,2000,0.01,3,raw,-0.0313,-0.0313,0.2069,0.2088,0.965,0,1
logols,2000,0.01,3,topcode,-0.0508,-0.0508,0.2225,0.2277,0.96,0,2
logols,2000,0.01,3,mean_adj,-0.0383,-0.0383,0.2293,0.2319,0.935,0,3
logols,2000,0.01,3,median_adj,-0.0353,-0.0353,0.2225,0.2248,0.965,0,4
gamma,2000,0.05,1,raw,0.0023,0.0023,0.4157,0.4147,0.94,0,1
gamma,2000,0.05,1,topcode,0.0145,0.0145,0.4038,0.403,0.93,0,2
gamma,2000,0.05,1,mean_adj,0.0276,0.0276,0.4035,0.4034,0.925,0,3
gamma,2000,0.05,1,median_adj,0.0193,0.0193,0.4046,0.404,0.92,0,4
logit,2000,0.05,1,raw,-0.0016,-0.0016,0.126,0.1257,0.97,0,1
logit,2000,0.05,1,topcode,0.0111,0.0111,0.1363,0.1364,0.935,0,2
logit,2000,0.05,1,mean_adj,0.0058,0.0058,0.1417,0.1415,0.95,0,3
logit,2000,0.05,1,median_adj,0.0044,0.0044,0.1181,0.1179,0.975,0,4
logols,2000,0.05,1,raw,-0.0354,-0.0354,0.241,0.243,0.945,0,1
logols,2000,0.05,1,topcode,-0.0224,-0.0224,0.2527,0.2531,0.945,0,2
logols,2000,0.05,1,mean_adj,-0.0244,-0.0244,0.2531,0.2536,0.93,0,3
logols,2000,0.05,1,median_adj,-0.0344,-0.0344,0.2055,0.2079,0.975,0,4
gamma,2000,0.05,2,raw,0.0483,0.0483,0.494,0.4951,0.9293,2,1
gamma,2000,0.05,2,topcode,0.0379,0.0379,0.4468,0.4473,0.9146,1,2
gamma,2000,0.05,2,mean_adj,0.0205,0.0205,0.4662,0.4655,0.91,0,3
gamma,2000,0.05,2,median_adj,0.0708,0.0708,0.4437,0.4482,0.93,0,4
logit,2000,0.05,2,raw,-0.0039,-0.0039,0.1345,0.1342,0.95,0,1
logit,2000,0.05,2,topcode,-0.0053,-0.0053,0.1403,0.14,0.94,0,2
logit,2000,0.05,2,mean_adj,0.0129,0.0129,0.1289,0.1292,0.96,0,3
logit,2000,0.05,2,median_adj,0.006,0.006,0.1306,0.1304,0.965,0,4
logols,2000,0.05,2,raw,-0.0328,-0.0328,0.2493,0.2509,0.955,0,1
logols,2000,0.05,2,topcode,-0.0309,-0.0309,0.2492,0.2505,0.95,0,2
logols,2000,0.05,2,mean_adj,-0.0191,-0.0191,0.2303,0.2305,0.965,0,3
logols,2000,0.05,2,median_adj,-0.0252,-0.0252,0.2242,0.2251,0.965,0,4
gamma,2000,0.05,3,raw,0.0539,0.0539,0.4937,0.4954,0.9192,2,1
gamma,2000,0.05,3,topcode,0.0051,0.0051,0.418,0.417,0.955,0,2
gamma,2000,0.05,3,mean_adj,0.0867,0.0867,0.4887,0.4951,0.915,0,3
gamma,2000,0.05,3,median_adj,0.021,0.021,0.539,0.538,0.8838,2,4
logit,2000,0.05,3,raw,0.0036,0.0036,0.1352,0.1349,0.95,0,1
logit,2000,0.05,3,topcode,0.0116,0.0116,0.126,0.1262,0.96,0,2
logit,2000,0.05,3,mean_adj,-0.0059,-0.0059,0.1366,0.1363,0.95,0,3
logit,2000,0.05,3,median_adj,0.0034,0.0034,0.1141,0.1139,0.99,0,4
logols,2000,0.05,3,raw,-0.0217,-0.0217,0.2418,0.2422,0.945,0,1
logols,2000,0.05,3,topcode,-0.0148,-0.0148,0.2268,0.2267,0.96,0,2
logols,2000,0.05,3,mean_adj,-0.0479,-0.0479,0.2351,0.2394,0.965,0,3
logols,2000,0.05,3,median_adj,-0.0302,-0.0302,0.2181,0.2196,0.965,0,4
gamma,2000,0.1,1,raw,0.0076,0.0076,0.3168,0.3161,0.94,0,1
gamma,2000,0.1,1,topcode,6.00E-04,6.00E-04,0.2605,0.2598,0.97,0,2
gamma,2000,0.1,1,mean_adj,0.034,0.034,0.3024,0.3036,0.945,0,3
gamma,2000,0.1,1,median_adj,0.0016,0.0016,0.2978,0.297,0.94,0,4
logit,2000,0.1,1,raw,0.0054,0.0054,0.1388,0.1386,0.945,0,1
logit,2000,0.1,1,topcode,0.0151,0.0151,0.1222,0.1228,0.98,0,2
logit,2000,0.1,1,mean_adj,-0.0069,-0.0069,0.1439,0.1437,0.925,0,3
logit,2000,0.1,1,median_adj,0.0023,0.0023,0.1491,0.1487,0.935,0,4
logols,2000,0.1,1,raw,-0.0223,-0.0223,0.2586,0.259,0.945,0,1
logols,2000,0.1,1,topcode,-0.0078,-0.0078,0.2229,0.2225,0.97,0,2
logols,2000,0.1,1,mean_adj,-0.0376,-0.0376,0.2615,0.2635,0.94,0,3
logols,2000,0.1,1,median_adj,-0.0464,-0.0464,0.29,0.293,0.895,0,4
gamma,2000,0.1,2,raw,0.0147,0.0147,0.3251,0.3247,0.95,0,1
gamma,2000,0.1,2,topcode,0.016,0.016,0.3605,0.36,0.925,0,2
gamma,2000,0.1,2,mean_adj,0.0231,0.0231,0.319,0.319,0.96,0,3
gamma,2000,0.1,2,median_adj,-0.0058,-0.0058,0.3507,0.3499,0.915,0,4
logit,2000,0.1,2,raw,-0.0033,-0.0033,0.1295,0.1292,0.975,0,1
logit,2000,0.1,2,topcode,-0.0132,-0.0132,0.1417,0.142,0.95,0,2
logit,2000,0.1,2,mean_adj,0.0046,0.0046,0.1318,0.1316,0.96,0,3
logit,2000,0.1,2,median_adj,0.0013,0.0013,0.1301,0.1298,0.975,0,4
logols,2000,0.1,2,raw,-0.0165,-0.0165,0.2624,0.2623,0.955,0,1
logols,2000,0.1,2,topcode,-0.0451,-0.0451,0.2736,0.2766,0.94,0,2
logols,2000,0.1,2,mean_adj,-0.0097,-0.0097,0.2627,0.2623,0.935,0,3
logols,2000,0.1,2,median_adj,-0.0368,-0.0368,0.2342,0.2365,0.975,0,4
gamma,2000,0.1,3,raw,-0.0264,-0.0264,0.3487,0.3488,0.95,0,1
gamma,2000,0.1,3,topcode,0.0304,0.0304,0.3608,0.3612,0.92,0,2
gamma,2000,0.1,3,mean_adj,-0.006,-0.006,0.3469,0.3461,0.95,0,3
gamma,2000,0.1,3,median_adj,-0.0026,-0.0026,0.3781,0.3772,0.93,0,4
logit,2000,0.1,3,raw,0.0027,0.0027,0.14,0.1397,0.935,0,1
logit,2000,0.1,3,topcode,-0.0027,-0.0027,0.1287,0.1284,0.95,0,2
logit,2000,0.1,3,mean_adj,0.0027,0.0027,0.1371,0.1367,0.935,0,3
logit,2000,0.1,3,median_adj,-0.0017,-0.0017,0.1207,0.1204,0.975,0,4
logols,2000,0.1,3,raw,-0.0266,-0.0266,0.269,0.2696,0.94,0,1
logols,2000,0.1,3,topcode,-0.0154,-0.0154,0.2514,0.2512,0.94,0,2
logols,2000,0.1,3,mean_adj,-0.0232,-0.0232,0.2699,0.2702,0.945,0,3
logols,2000,0.1,3,median_adj,-0.0342,-0.0342,0.2349,0.2368,0.95,0,4
gamma,5000,0.01,1,raw,0.0537,0.0537,0.3902,0.3929,0.9,0,1
gamma,5000,0.01,1,topcode,0.0233,0.0233,0.0814,0.0844,0.94,0,2
gamma,5000,0.01,1,mean_adj,0.0018,0.0018,0.0399,0.0398,0.975,0,3
gamma,5000,0.01,1,median_adj,0.0022,0.0022,0.0407,0.0406,0.975,0,4
logit,5000,0.01,1,raw,0.0018,0.0018,0.0777,0.0776,0.985,0,1
logit,5000,0.01,1,topcode,0.012,0.012,0.0832,0.0839,0.96,0,2
logit,5000,0.01,1,mean_adj,0.0099,0.0099,0.0873,0.0876,0.955,0,3
logit,5000,0.01,1,median_adj,0.0027,0.0027,0.0799,0.0797,0.97,0,4
logols,5000,0.01,1,raw,-0.0339,-0.0339,0.1312,0.1352,0.97,0,1
logols,5000,0.01,1,topcode,-0.0187,-0.0187,0.14,0.1409,0.96,0,2
logols,5000,0.01,1,mean_adj,-0.0234,-0.0234,0.1383,0.1399,0.945,0,3
logols,5000,0.01,1,median_adj,-0.0351,-0.0351,0.1262,0.1307,0.965,0,4
gamma,5000,0.01,2,raw,0.0317,0.0317,0.5,0.4997,0.905,0,1
gamma,5000,0.01,2,topcode,0.0243,0.0243,0.0905,0.0935,0.92,0,2
gamma,5000,0.01,2,mean_adj,0.0026,0.0026,0.0402,0.0401,0.965,0,3
gamma,5000,0.01,2,median_adj,-0.0017,-0.0017,0.038,0.038,0.975,0,4
logit,5000,0.01,2,raw,-0.0081,-0.0081,0.0862,0.0863,0.955,0,1
logit,5000,0.01,2,topcode,4.00E-04,4.00E-04,0.084,0.0838,0.96,0,2
logit,5000,0.01,2,mean_adj,0.0101,0.0101,0.0875,0.0879,0.945,0,3
logit,5000,0.01,2,median_adj,0.0095,0.0095,0.088,0.0883,0.96,0,4
logols,5000,0.01,2,raw,-0.0471,-0.0471,0.1393,0.1468,0.95,0,1
logols,5000,0.01,2,topcode,-0.0376,-0.0376,0.1365,0.1412,0.945,0,2
logols,5000,0.01,2,mean_adj,-0.0227,-0.0227,0.1404,0.1419,0.95,0,3
logols,5000,0.01,2,median_adj,-0.0286,-0.0286,0.1418,0.1443,0.935,0,4
gamma,5000,0.01,3,raw,-0.0135,-0.0135,0.6093,0.6079,0.89,0,1
gamma,5000,0.01,3,topcode,0.0286,0.0286,0.1094,0.1129,0.91,0,2
gamma,5000,0.01,3,mean_adj,0.0054,0.0054,0.0477,0.0479,0.945,0,3
gamma,5000,0.01,3,median_adj,-4.00E-04,-4.00E-04,0.0427,0.0426,0.96,0,4
logit,5000,0.01,3,raw,0.0061,0.0061,0.0782,0.0782,0.975,0,1
logit,5000,0.01,3,topcode,-9.00E-04,-9.00E-04,0.0788,0.0786,0.975,0,2
logit,5000,0.01,3,mean_adj,-0.0011,-0.0011,0.081,0.0808,0.955,0,3
logit,5000,0.01,3,median_adj,0.015,0.015,0.0854,0.0865,0.955,0,4
logols,5000,0.01,3,raw,-0.0293,-0.0293,0.1281,0.1311,0.98,0,1
logols,5000,0.01,3,topcode,-0.0388,-0.0388,0.1294,0.1348,0.96,0,2
logols,5000,0.01,3,mean_adj,-0.0407,-0.0407,0.1337,0.1395,0.96,0,3
logols,5000,0.01,3,median_adj,-0.0158,-0.0158,0.1353,0.1359,0.97,0,4
gamma,5000,0.05,1,raw,0.0033,0.0033,0.2667,0.266,0.92,0,1
gamma,5000,0.05,1,topcode,0.0097,0.0097,0.2189,0.2186,0.97,0,2
gamma,5000,0.05,1,mean_adj,0.0287,0.0287,0.2392,0.2403,0.925,0,3
gamma,5000,0.05,1,median_adj,0.0296,0.0296,0.2418,0.243,0.955,0,4
logit,5000,0.05,1,raw,-0.0021,-0.0021,0.0867,0.0865,0.95,0,1
logit,5000,0.05,1,topcode,0.0058,0.0058,0.075,0.075,0.975,0,2
logit,5000,0.05,1,mean_adj,-0.0032,-0.0032,0.0734,0.0733,0.97,0,3
logit,5000,0.05,1,median_adj,5.00E-04,5.00E-04,0.0861,0.0859,0.925,0,4
logols,5000,0.05,1,raw,-0.0451,-0.0451,0.1564,0.1624,0.925,0,1
logols,5000,0.05,1,topcode,-0.0359,-0.0359,0.1277,0.1323,0.98,0,2
logols,5000,0.05,1,mean_adj,-0.0426,-0.0426,0.135,0.1413,0.96,0,3
logols,5000,0.05,1,median_adj,-0.0431,-0.0431,0.1498,0.1556,0.945,0,4
gamma,5000,0.05,2,raw,-0.0049,-0.0049,0.2635,0.2629,0.975,0,1
gamma,5000,0.05,2,topcode,0.0155,0.0155,0.2533,0.2532,0.95,0,2
gamma,5000,0.05,2,mean_adj,0.0244,0.0244,0.2932,0.2935,0.945,0,3
gamma,5000,0.05,2,median_adj,0.064,0.064,0.2401,0.2478,0.975,0,4
logit,5000,0.05,2,raw,4.00E-04,4.00E-04,0.0769,0.0767,0.97,0,1
logit,5000,0.05,2,topcode,0.012,0.012,0.0886,0.0891,0.94,0,2
logit,5000,0.05,2,mean_adj,0.0114,0.0114,0.0849,0.0855,0.97,0,3
logit,5000,0.05,2,median_adj,-5.00E-04,-5.00E-04,0.0836,0.0834,0.96,0,4
logols,5000,0.05,2,raw,-0.0339,-0.0339,0.137,0.1408,0.97,0,1
logols,5000,0.05,2,topcode,-0.0206,-0.0206,0.1554,0.1564,0.935,0,2
logols,5000,0.05,2,mean_adj,-0.0117,-0.0117,0.1442,0.1443,0.965,0,3
logols,5000,0.05,2,median_adj,-0.0348,-0.0348,0.1499,0.1535,0.945,0,4
gamma,5000,0.05,3,raw,0.012,0.012,0.302,0.3015,0.94,0,1
gamma,5000,0.05,3,topcode,-0.0019,-0.0019,0.2768,0.2761,0.955,0,2
gamma,5000,0.05,3,mean_adj,0.0167,0.0167,0.3136,0.3133,0.925,0,3
gamma,5000,0.05,3,median_adj,0.0573,0.0573,0.2679,0.2733,0.965,0,4
logit,5000,0.05,3,raw,-0.0034,-0.0034,0.0811,0.081,0.95,0,1
logit,5000,0.05,3,topcode,-0.0039,-0.0039,0.0835,0.0834,0.975,0,2
logit,5000,0.05,3,mean_adj,0.0097,0.0097,0.086,0.0864,0.975,0,3
logit,5000,0.05,3,median_adj,0.001,0.001,0.0774,0.0772,0.98,0,4
logols,5000,0.05,3,raw,-0.0371,-0.0371,0.1393,0.1438,0.95,0,1
logols,5000,0.05,3,topcode,-0.045,-0.045,0.1467,0.1531,0.945,0,2
logols,5000,0.05,3,mean_adj,-0.022,-0.022,0.1513,0.1525,0.965,0,3
logols,5000,0.05,3,median_adj,-0.0273,-0.0273,0.1417,0.1439,0.965,0,4
gamma,5000,0.1,1,raw,0.0289,0.0289,0.1837,0.1855,0.95,0,1
gamma,5000,0.1,1,topcode,-0.0126,-0.0126,0.1802,0.1802,0.95,0,2
gamma,5000,0.1,1,mean_adj,0.019,0.019,0.1806,0.1811,0.93,0,3
gamma,5000,0.1,1,median_adj,0.0218,0.0218,0.1868,0.1876,0.95,0,4
logit,5000,0.1,1,raw,0.0082,0.0082,0.0827,0.0829,0.96,0,1
logit,5000,0.1,1,topcode,0.0048,0.0048,0.0808,0.0808,0.955,0,2
logit,5000,0.1,1,mean_adj,5.00E-04,5.00E-04,0.0822,0.082,0.96,0,3
logit,5000,0.1,1,median_adj,-3.00E-04,-3.00E-04,0.0819,0.0817,0.945,0,4
logols,5000,0.1,1,raw,-0.0204,-0.0204,0.1621,0.163,0.96,0,1
logols,5000,0.1,1,topcode,-0.0363,-0.0363,0.157,0.1608,0.94,0,2
logols,5000,0.1,1,mean_adj,-0.0443,-0.0443,0.1509,0.1569,0.96,0,3
logols,5000,0.1,1,median_adj,-0.0347,-0.0347,0.1466,0.1503,0.945,0,4
gamma,5000,0.1,2,raw,0.0168,0.0168,0.2053,0.2055,0.955,0,1
gamma,5000,0.1,2,topcode,0.0389,0.0389,0.1991,0.2024,0.975,0,2
gamma,5000,0.1,2,mean_adj,0.0248,0.0248,0.218,0.2189,0.945,0,3
gamma,5000,0.1,2,median_adj,0.0335,0.0335,0.2092,0.2113,0.935,0,4
logit,5000,0.1,2,raw,0.005,0.005,0.084,0.0839,0.96,0,1
logit,5000,0.1,2,topcode,0.0031,0.0031,0.0867,0.0865,0.95,0,2
logit,5000,0.1,2,mean_adj,0.0115,0.0115,0.0867,0.0872,0.95,0,3
logit,5000,0.1,2,median_adj,0.0014,0.0014,0.0889,0.0887,0.94,0,4
logols,5000,0.1,2,raw,-0.0236,-0.0236,0.1585,0.1599,0.96,0,1
logols,5000,0.1,2,topcode,-0.0223,-0.0223,0.1721,0.1731,0.925,0,2
logols,5000,0.1,2,mean_adj,-0.0197,-0.0197,0.1706,0.1713,0.945,0,3
logols,5000,0.1,2,median_adj,-0.0317,-0.0317,0.1654,0.168,0.935,0,4
gamma,5000,0.1,3,raw,-0.02,-0.02,0.2182,0.2186,0.94,0,1
gamma,5000,0.1,3,topcode,0.0034,0.0034,0.214,0.2135,0.94,0,2
gamma,5000,0.1,3,mean_adj,0.0065,0.0065,0.2002,0.1998,0.965,0,3
gamma,5000,0.1,3,median_adj,-0.0017,-0.0017,0.2453,0.2447,0.915,0,4
logit,5000,0.1,3,raw,0.0115,0.0115,0.0772,0.0779,0.97,0,1
logit,5000,0.1,3,topcode,0.009,0.009,0.0971,0.0973,0.925,0,2
logit,5000,0.1,3,mean_adj,-0.0031,-0.0031,0.0825,0.0824,0.96,0,3
logit,5000,0.1,3,median_adj,0.0098,0.0098,0.0921,0.0924,0.93,0,4
logols,5000,0.1,3,raw,-0.0354,-0.0354,0.1559,0.1595,0.94,0,1
logols,5000,0.1,3,topcode,-0.0298,-0.0298,0.1721,0.1743,0.945,0,2
logols,5000,0.1,3,mean_adj,-0.0369,-0.0369,0.1562,0.1601,0.955,0,3
logols,5000,0.1,3,median_adj,-0.0278,-0.0278,0.1801,0.1817,0.93,0,4
