model,n,prop_extreme,magnitude_level,treatment,mean_est,bias,emp_se,rmse,coverage,n_fail
gamma,1000,0.01,1,mean_adj,0.0024,0.0024,0.1287,0.1286,0.958,0
gamma,1000,0.01,1,median_adj,-0.0077,-0.0077,0.1187,0.1188,0.966,0
gamma,1000,0.01,1,raw,0.0095,0.0095,0.7583,0.7576,0.8687,5
gamma,1000,0.01,1,topcode,0.021,0.021,0.2027,0.2036,0.934,0
gamma,1000,0.01,2,mean_adj,-0.0038,-0.0038,0.1299,0.1299,0.972,0
gamma,1000,0.01,2,median_adj,-2e-4,-2e-4,0.128,0.1279,0.97,0
gamma,1000,0.01,2,raw,0.0881,0.0881,1.1261,1.1283,0.8318,66
gamma,1000,0.01,2,topcode,0.0327,0.0327,0.2462,0.2481,0.944,0
gamma,1000,0.01,3,mean_adj,-0.0084,-0.0084,0.1197,0.1198,0.978,0
gamma,1000,0.01,3,median_adj,-0.0043,-0.0043,0.1208,0.1207,0.966,0
gamma,1000,0.01,3,raw,0.0314,0.0314,1.1266,1.1255,0.8381,148
gamma,1000,0.01,3,topcode,-0.0097,-0.0097,0.2521,0.252,0.93,0
gamma,1000,0.05,1,mean_adj,0.0508,0.0508,0.5404,0.5423,0.918,0
gamma,1000,0.05,1,median_adj,0.0187,0.0187,0.5405,0.5403,0.936,0
gamma,1000,0.05,1,raw,8e-4,8e-4,0.5963,0.5957,0.9116,2
gamma,1000,0.05,1,topcode,0.0135,0.0135,0.5487,0.5483,0.9135,3
gamma,1000,0.05,2,mean_adj,-0.0197,-0.0197,0.6662,0.6658,0.8931,4
gamma,1000,0.05,2,median_adj,-0.0067,-0.0067,0.6726,0.6719,0.903,5
gamma,1000,0.05,2,raw,-0.0239,-0.0239,0.6519,0.6517,0.9451,26
gamma,1000,0.05,2,topcode,0.0028,0.0028,0.6701,0.6694,0.8986,7
gamma,1000,0.05,3,mean_adj,0.0152,0.0152,0.694,0.6935,0.916,12
gamma,1000,0.05,3,median_adj,0.0394,0.0394,0.7203,0.7206,0.9085,19
gamma,1000,0.05,3,raw,0.075,0.075,0.7673,0.7701,0.9165,57
gamma,1000,0.05,3,topcode,0.0033,0.0033,0.6967,0.6959,0.9174,16
gamma,1000,0.1,1,mean_adj,0.0689,0.0689,0.4284,0.4335,0.922,0
gamma,1000,0.1,1,median_adj,0.0203,0.0203,0.4368,0.4368,0.94,0
gamma,1000,0.1,1,raw,0.0027,0.0027,0.439,0.4386,0.9379,1
gamma,1000,0.1,1,topcode,0.0123,0.0123,0.4092,0.409,0.946,0
gamma,1000,0.1,2,mean_adj,0.0349,0.0349,0.5039,0.5046,0.9299,1
gamma,1000,0.1,2,median_adj,0.0363,0.0363,0.5288,0.5295,0.9113,4
gamma,1000,0.1,2,raw,0.0348,0.0348,0.5214,0.5221,0.9238,1
gamma,1000,0.1,2,topcode,-0.009,-0.009,0.4712,0.4708,0.9396,3
gamma,1000,0.1,3,mean_adj,0.0143,0.0143,0.5081,0.5078,0.9396,3
gamma,1000,0.1,3,median_adj,0.0495,0.0495,0.5476,0.5493,0.9195,3
gamma,1000,0.1,3,raw,0.0355,0.0355,0.5209,0.5216,0.9268,8
gamma,1000,0.1,3,topcode,0.0321,0.0321,0.5297,0.5302,0.9231,6
gamma,2000,0.01,1,mean_adj,0.0044,0.0044,0.0724,0.0724,0.974,0
gamma,2000,0.01,1,median_adj,0.0048,0.0048,0.0821,0.0821,0.968,0
gamma,2000,0.01,1,raw,0.0371,0.0371,0.6293,0.6297,0.858,0
gamma,2000,0.01,1,topcode,0.0295,0.0295,0.1472,0.1499,0.938,0
gamma,2000,0.01,2,mean_adj,-0.0033,-0.0033,0.076,0.076,0.97,0
gamma,2000,0.01,2,median_adj,-2e-4,-2e-4,0.0717,0.0716,0.984,0
gamma,2000,0.01,2,raw,0.0184,0.0184,0.7655,0.765,0.874,8
gamma,2000,0.01,2,topcode,0.0217,0.0217,0.1472,0.1487,0.956,0
gamma,2000,0.01,3,mean_adj,1e-4,1e-4,0.0778,0.0777,0.968,0
gamma,2000,0.01,3,median_adj,-0.0068,-0.0068,0.0866,0.0868,0.962,0
gamma,2000,0.01,3,raw,-0.0803,-0.0803,0.8648,0.8675,0.8778,50
gamma,2000,0.01,3,topcode,0.0136,0.0136,0.1582,0.1586,0.936,0
gamma,2000,0.05,1,mean_adj,0.0564,0.0564,0.3749,0.3787,0.948,0
gamma,2000,0.05,1,median_adj,0.0347,0.0347,0.3716,0.3729,0.926,0
gamma,2000,0.05,1,raw,0.0336,0.0336,0.427,0.4279,0.922,0
gamma,2000,0.05,1,topcode,0.0147,0.0147,0.3516,0.3516,0.958,0
gamma,2000,0.05,2,mean_adj,0.0244,0.0244,0.435,0.4352,0.918,0
gamma,2000,0.05,2,median_adj,0.0493,0.0493,0.4367,0.439,0.932,0
gamma,2000,0.05,2,raw,0.0109,0.0109,0.4925,0.4921,0.9195,3
gamma,2000,0.05,2,topcode,0.0144,0.0144,0.4115,0.4114,0.9519,1
gamma,2000,0.05,3,mean_adj,0.01,0.01,0.5025,0.5021,0.9076,2
gamma,2000,0.05,3,median_adj,-0.0082,-0.0082,0.4718,0.4714,0.9517,3
gamma,2000,0.05,3,raw,0.0372,0.0372,0.4809,0.4819,0.9534,6
gamma,2000,0.05,3,topcode,0.0219,0.0219,0.4586,0.4587,0.9299,1
gamma,2000,0.1,1,mean_adj,0.0217,0.0217,0.2947,0.2952,0.948,0
gamma,2000,0.1,1,median_adj,0.0267,0.0267,0.3084,0.3093,0.93,0
gamma,2000,0.1,1,raw,0.0512,0.0512,0.3095,0.3134,0.944,0
gamma,2000,0.1,1,topcode,0.0148,0.0148,0.2967,0.2968,0.938,0
gamma,2000,0.1,2,mean_adj,0.0071,0.0071,0.3284,0.3281,0.948,0
gamma,2000,0.1,2,median_adj,-0.003,-0.003,0.3361,0.3358,0.944,0
gamma,2000,0.1,2,raw,0.0169,0.0169,0.3366,0.3367,0.942,0
gamma,2000,0.1,2,topcode,0.0328,0.0328,0.3298,0.3311,0.948,0
gamma,2000,0.1,3,mean_adj,-0.0206,-0.0206,0.3627,0.363,0.938,0
gamma,2000,0.1,3,median_adj,0.0141,0.0141,0.3526,0.3526,0.95,0
gamma,2000,0.1,3,raw,-0.0152,-0.0152,0.384,0.3839,0.924,0
gamma,2000,0.1,3,topcode,-0.0027,-0.0027,0.3499,0.3496,0.944,0
gamma,5000,0.01,1,mean_adj,0.002,0.002,0.0362,0.0362,0.978,0
gamma,5000,0.01,1,median_adj,-0.0015,-0.0015,0.039,0.039,0.978,0
gamma,5000,0.01,1,raw,0.0367,0.0367,0.3873,0.3887,0.912,0
gamma,5000,0.01,1,topcode,0.0273,0.0273,0.0752,0.0799,0.944,0
gamma,5000,0.01,2,mean_adj,6e-4,6e-4,0.0401,0.0401,0.972,0
gamma,5000,0.01,2,median_adj,-9e-4,-9e-4,0.0406,0.0406,0.966,0
gamma,5000,0.01,2,raw,0.0598,0.0598,0.5038,0.5068,0.914,0
gamma,5000,0.01,2,topcode,0.0295,0.0295,0.0879,0.0927,0.93,0
gamma,5000,0.01,3,mean_adj,0.0032,0.0032,0.0418,0.0418,0.968,0
gamma,5000,0.01,3,median_adj,0.0031,0.0031,0.0438,0.0438,0.976,0
gamma,5000,0.01,3,raw,0.0269,0.0269,0.6255,0.6255,0.8795,2
gamma,5000,0.01,3,topcode,0.0283,0.0283,0.09,0.0942,0.94,0
gamma,5000,0.05,1,mean_adj,0.0423,0.0423,0.2196,0.2234,0.954,0
gamma,5000,0.05,1,median_adj,0.0376,0.0376,0.2402,0.2429,0.942,0
gamma,5000,0.05,1,raw,0.0251,0.0251,0.2389,0.24,0.956,0
gamma,5000,0.05,1,topcode,0.028,0.028,0.2338,0.2352,0.948,0
gamma,5000,0.05,2,mean_adj,0.0197,0.0197,0.2716,0.272,0.94,0
gamma,5000,0.05,2,median_adj,0.016,0.016,0.2747,0.2749,0.942,0
gamma,5000,0.05,2,raw,0.0141,0.0141,0.2864,0.2864,0.94,0
gamma,5000,0.05,2,topcode,0.0316,0.0316,0.2563,0.258,0.944,0
gamma,5000,0.05,3,mean_adj,-0.001,-0.001,0.2941,0.2938,0.942,0
gamma,5000,0.05,3,median_adj,0.0497,0.0497,0.2843,0.2883,0.948,0
gamma,5000,0.05,3,raw,0.0217,0.0217,0.323,0.3234,0.938,0
gamma,5000,0.05,3,topcode,0.0189,0.0189,0.2677,0.2681,0.952,0
gamma,5000,0.1,1,mean_adj,0.0137,0.0137,0.1813,0.1816,0.946,0
gamma,5000,0.1,1,median_adj,0.0208,0.0208,0.185,0.186,0.948,0
gamma,5000,0.1,1,raw,0.0187,0.0187,0.1824,0.1832,0.95,0
gamma,5000,0.1,1,topcode,0.0132,0.0132,0.1788,0.1791,0.956,0
gamma,5000,0.1,2,mean_adj,-0.0051,-0.0051,0.2098,0.2097,0.944,0
gamma,5000,0.1,2,median_adj,0.0206,0.0206,0.2112,0.2119,0.952,0
gamma,5000,0.1,2,raw,0.0225,0.0225,0.2061,0.2071,0.946,0
gamma,5000,0.1,2,topcode,0.0261,0.0261,0.209,0.2104,0.932,0
gamma,5000,0.1,3,mean_adj,0.0017,0.0017,0.2239,0.2237,0.934,0
gamma,5000,0.1,3,median_adj,0.0054,0.0054,0.2204,0.2203,0.95,0
gamma,5000,0.1,3,raw,0.0038,0.0038,0.2245,0.2243,0.95,0
gamma,5000,0.1,3,topcode,0.0054,0.0054,0.2249,0.2248,0.95,0
logit,1000,0.01,1,mean_adj,0.0057,0.0057,0.1848,0.1847,0.956,0
logit,1000,0.01,1,median_adj,0.0191,0.0191,0.1849,0.1857,0.946,0
logit,1000,0.01,1,raw,0.0207,0.0207,0.1909,0.1918,0.956,0
logit,1000,0.01,1,topcode,0.0119,0.0119,0.1958,0.1959,0.94,0
logit,1000,0.01,2,mean_adj,-9e-4,-9e-4,0.1845,0.1843,0.956,0
logit,1000,0.01,2,median_adj,0.0078,0.0078,0.1856,0.1856,0.966,0
logit,1000,0.01,2,raw,8e-4,8e-4,0.1969,0.1967,0.956,0
logit,1000,0.01,2,topcode,0.0198,0.0198,0.1846,0.1855,0.958,0
logit,1000,0.01,3,mean_adj,-0.0029,-0.0029,0.1893,0.1892,0.954,0
logit,1000,0.01,3,median_adj,0.0053,0.0053,0.188,0.1879,0.96,0
logit,1000,0.01,3,raw,0.0058,0.0058,0.1815,0.1815,0.962,0
logit,1000,0.01,3,topcode,-8e-4,-8e-4,0.187,0.1869,0.966,0
logit,1000,0.05,1,mean_adj,0.0073,0.0073,0.1852,0.1851,0.962,0
logit,1000,0.05,1,median_adj,0.0011,0.0011,0.1849,0.1847,0.966,0
logit,1000,0.05,1,raw,-0.0063,-0.0063,0.1856,0.1855,0.968,0
logit,1000,0.05,1,topcode,0.0078,0.0078,0.1865,0.1864,0.966,0
logit,1000,0.05,2,mean_adj,0.0025,0.0025,0.1893,0.1891,0.956,0
logit,1000,0.05,2,median_adj,0.0104,0.0104,0.1908,0.1909,0.96,0
logit,1000,0.05,2,raw,0.0191,0.0191,0.1915,0.1922,0.944,0
logit,1000,0.05,2,topcode,0.0104,0.0104,0.1758,0.1759,0.97,0
logit,1000,0.05,3,mean_adj,0.0069,0.0069,0.1815,0.1814,0.968,0
logit,1000,0.05,3,median_adj,0.0122,0.0122,0.1941,0.1943,0.946,0
logit,1000,0.05,3,raw,-0.0028,-0.0028,0.1983,0.1981,0.94,0
logit,1000,0.05,3,topcode,0.0197,0.0197,0.176,0.1769,0.966,0
logit,1000,0.1,1,mean_adj,0.0124,0.0124,0.1948,0.195,0.94,0
logit,1000,0.1,1,median_adj,0.0118,0.0118,0.195,0.1952,0.952,0
logit,1000,0.1,1,raw,-0.0048,-0.0048,0.1937,0.1935,0.952,0
logit,1000,0.1,1,topcode,0.002,0.002,0.19,0.1898,0.952,0
logit,1000,0.1,2,mean_adj,0.0043,0.0043,0.1835,0.1834,0.962,0
logit,1000,0.1,2,median_adj,-0.0035,-0.0035,0.1939,0.1938,0.954,0
logit,1000,0.1,2,raw,0.0058,0.0058,0.1901,0.19,0.948,0
logit,1000,0.1,2,topcode,-0.001,-0.001,0.1858,0.1856,0.968,0
logit,1000,0.1,3,mean_adj,0.0134,0.0134,0.1987,0.1989,0.952,0
logit,1000,0.1,3,median_adj,0.0042,0.0042,0.1977,0.1975,0.954,0
logit,1000,0.1,3,raw,0.0034,0.0034,0.1907,0.1905,0.952,0
logit,1000,0.1,3,topcode,0.0054,0.0054,0.1906,0.1905,0.954,0
logit,2000,0.01,1,mean_adj,-0.0077,-0.0077,0.1315,0.1316,0.958,0
logit,2000,0.01,1,median_adj,-0.0045,-0.0045,0.1362,0.1362,0.95,0
logit,2000,0.01,1,raw,-0.0012,-0.0012,0.138,0.1379,0.94,0
logit,2000,0.01,1,topcode,-6e-4,-6e-4,0.1337,0.1336,0.952,0
logit,2000,0.01,2,mean_adj,0.0032,0.0032,0.128,0.1279,0.962,0
logit,2000,0.01,2,median_adj,0.0044,0.0044,0.1361,0.136,0.944,0
logit,2000,0.01,2,raw,-0.0122,-0.0122,0.1344,0.1348,0.958,0
logit,2000,0.01,2,topcode,0.0016,0.0016,0.1358,0.1357,0.946,0
logit,2000,0.01,3,mean_adj,-0.0096,-0.0096,0.1344,0.1346,0.954,0
logit,2000,0.01,3,median_adj,0.0084,0.0084,0.1359,0.136,0.934,0
logit,2000,0.01,3,raw,0.0058,0.0058,0.1356,0.1356,0.954,0
logit,2000,0.01,3,topcode,0.0033,0.0033,0.1306,0.1306,0.948,0
logit,2000,0.05,1,mean_adj,0.0084,0.0084,0.1347,0.1349,0.97,0
logit,2000,0.05,1,median_adj,0.0044,0.0044,0.1292,0.1291,0.952,0
logit,2000,0.05,1,raw,0.0049,0.0049,0.1291,0.1291,0.968,0
logit,2000,0.05,1,topcode,-0.0014,-0.0014,0.1342,0.134,0.956,0
logit,2000,0.05,2,mean_adj,0.0039,0.0039,0.1268,0.1267,0.954,0
logit,2000,0.05,2,median_adj,-6e-4,-6e-4,0.1281,0.128,0.962,0
logit,2000,0.05,2,raw,-0.0067,-0.0067,0.1317,0.1318,0.956,0
logit,2000,0.05,2,topcode,0.0071,0.0071,0.1279,0.128,0.962,0
logit,2000,0.05,3,mean_adj,0.0074,0.0074,0.1311,0.1312,0.96,0
logit,2000,0.05,3,median_adj,0.0012,0.0012,0.1369,0.1368,0.946,0
logit,2000,0.05,3,raw,0.0023,0.0023,0.138,0.1378,0.954,0
logit,2000,0.05,3,topcode,0.017,0.017,0.1325,0.1334,0.946,0
logit,2000,0.1,1,mean_adj,0.0027,0.0027,0.1334,0.1333,0.956,0
logit,2000,0.1,1,median_adj,-0.0014,-0.0014,0.1315,0.1313,0.95,0
logit,2000,0.1,1,raw,-0.0014,-0.0014,0.1371,0.1369,0.958,0
logit,2000,0.1,1,topcode,-8e-4,-8e-4,0.127,0.1269,0.97,0
logit,2000,0.1,2,mean_adj,0.0096,0.0096,0.1328,0.1331,0.954,0
logit,2000,0.1,2,median_adj,0.0077,0.0077,0.1338,0.1339,0.956,0
logit,2000,0.1,2,raw,0.0118,0.0118,0.1333,0.1336,0.96,0
logit,2000,0.1,2,topcode,-0.009,-0.009,0.1271,0.1273,0.954,0
logit,2000,0.1,3,mean_adj,0.0062,0.0062,0.1346,0.1346,0.948,0
logit,2000,0.1,3,median_adj,-0.0016,-0.0016,0.1278,0.1277,0.97,0
logit,2000,0.1,3,raw,-6e-4,-6e-4,0.1349,0.1348,0.956,0
logit,2000,0.1,3,topcode,-0.0015,-0.0015,0.1279,0.1278,0.972,0
logit,5000,0.01,1,mean_adj,0.0037,0.0037,0.0887,0.0887,0.938,0
logit,5000,0.01,1,median_adj,0.0059,0.0059,0.0831,0.0833,0.952,0
logit,5000,0.01,1,raw,0.009,0.009,0.0788,0.0792,0.97,0
logit,5000,0.01,1,topcode,0.0122,0.0122,0.0865,0.0873,0.948,0
logit,5000,0.01,2,mean_adj,0.0046,0.0046,0.0875,0.0875,0.948,0
logit,5000,0.01,2,median_adj,0.0028,0.0028,0.082,0.0819,0.958,0
logit,5000,0.01,2,raw,0.0018,0.0018,0.0864,0.0863,0.952,0
logit,5000,0.01,2,topcode,0.0104,0.0104,0.0835,0.0841,0.96,0
logit,5000,0.01,3,mean_adj,0.0062,0.0062,0.0782,0.0784,0.97,0
logit,5000,0.01,3,median_adj,0.0032,0.0032,0.0842,0.0842,0.952,0
logit,5000,0.01,3,raw,0.0078,0.0078,0.0844,0.0847,0.946,0
logit,5000,0.01,3,topcode,0.0018,0.0018,0.0817,0.0816,0.968,0
logit,5000,0.05,1,mean_adj,0.019,0.019,0.0878,0.0898,0.936,0
logit,5000,0.05,1,median_adj,0.0071,0.0071,0.0869,0.0871,0.948,0
logit,5000,0.05,1,raw,0.0027,0.0027,0.0848,0.0848,0.96,0
logit,5000,0.05,1,topcode,0.003,0.003,0.0771,0.0771,0.966,0
logit,5000,0.05,2,mean_adj,0.0035,0.0035,0.0851,0.0851,0.958,0
logit,5000,0.05,2,median_adj,0.0071,0.0071,0.0797,0.08,0.964,0
logit,5000,0.05,2,raw,-0.0019,-0.0019,0.085,0.0849,0.94,0
logit,5000,0.05,2,topcode,0.0051,0.0051,0.0824,0.0825,0.958,0
logit,5000,0.05,3,mean_adj,0.0018,0.0018,0.0801,0.0801,0.97,0
logit,5000,0.05,3,median_adj,0.0038,0.0038,0.0864,0.0864,0.962,0
logit,5000,0.05,3,raw,-0.0035,-0.0035,0.0841,0.0841,0.964,0
logit,5000,0.05,3,topcode,0.007,0.007,0.081,0.0812,0.952,0
logit,5000,0.1,1,mean_adj,0.0055,0.0055,0.0886,0.0886,0.944,0
logit,5000,0.1,1,median_adj,0.0012,0.0012,0.0829,0.0829,0.95,0
logit,5000,0.1,1,raw,0.0014,0.0014,0.0866,0.0865,0.942,0
logit,5000,0.1,1,topcode,0.004,0.004,0.0818,0.0818,0.966,0
logit,5000,0.1,2,mean_adj,0.0048,0.0048,0.0868,0.0868,0.954,0
logit,5000,0.1,2,median_adj,0.0072,0.0072,0.0831,0.0833,0.962,0
logit,5000,0.1,2,raw,0.005,0.005,0.088,0.088,0.934,0
logit,5000,0.1,2,topcode,0.0137,0.0137,0.0855,0.0865,0.94,0
logit,5000,0.1,3,mean_adj,0.0025,0.0025,0.0828,0.0828,0.96,0
logit,5000,0.1,3,median_adj,0.0026,0.0026,0.0839,0.0839,0.962,0
logit,5000,0.1,3,raw,0.0111,0.0111,0.0863,0.0869,0.944,0
logit,5000,0.1,3,topcode,-3e-4,-3e-4,0.0831,0.083,0.964,0
logols,1000,0.01,1,mean_adj,-0.0297,-0.0297,0.2985,0.2997,0.964,0
logols,1000,0.01,1,median_adj,-0.0099,-0.0099,0.2918,0.2917,0.96,0
logols,1000,0.01,1,raw,-0.0046,-0.0046,0.3137,0.3134,0.964,0
logols,1000,0.01,1,topcode,-0.0132,-0.0132,0.3194,0.3194,0.948,0
logols,1000,0.01,2,mean_adj,-0.0372,-0.0372,0.2976,0.2996,0.978,0
logols,1000,0.01,2,median_adj,-0.0335,-0.0335,0.3024,0.304,0.952,0
logols,1000,0.01,2,raw,-0.0365,-0.0365,0.3254,0.3272,0.946,0
logols,1000,0.01,2,topcode,-0.0031,-0.0031,0.2947,0.2944,0.974,0
logols,1000,0.01,3,mean_adj,-0.0464,-0.0464,0.3047,0.3079,0.964,0
logols,1000,0.01,3,median_adj,-0.0394,-0.0394,0.3041,0.3063,0.966,0
logols,1000,0.01,3,raw,-0.0246,-0.0246,0.3045,0.3052,0.962,0
logols,1000,0.01,3,topcode,-0.0397,-0.0397,0.3038,0.3061,0.958,0
logols,1000,0.05,1,mean_adj,-0.0231,-0.0231,0.3175,0.318,0.958,0
logols,1000,0.05,1,median_adj,-0.0325,-0.0325,0.3178,0.3192,0.96,0
logols,1000,0.05,1,raw,-0.0557,-0.0557,0.3262,0.3306,0.954,0
logols,1000,0.05,1,topcode,-0.0145,-0.0145,0.3285,0.3285,0.956,0
logols,1000,0.05,2,mean_adj,-0.0355,-0.0355,0.3325,0.3341,0.968,0
logols,1000,0.05,2,median_adj,-0.0166,-0.0166,0.3276,0.3277,0.958,0
logols,1000,0.05,2,raw,-0.0105,-0.0105,0.3385,0.3384,0.96,0
logols,1000,0.05,2,topcode,-0.0189,-0.0189,0.3241,0.3243,0.964,0
logols,1000,0.05,3,mean_adj,-0.0275,-0.0275,0.3247,0.3255,0.952,0
logols,1000,0.05,3,median_adj,-0.0052,-0.0052,0.3439,0.3436,0.93,0
logols,1000,0.05,3,raw,-0.0354,-0.0354,0.3579,0.3593,0.95,0
logols,1000,0.05,3,topcode,-0.0136,-0.0136,0.321,0.321,0.958,0
logols,1000,0.1,1,mean_adj,-0.0017,-0.0017,0.3319,0.3316,0.954,0
logols,1000,0.1,1,median_adj,-0.0034,-0.0034,0.3448,0.3445,0.96,0
logols,1000,0.1,1,raw,-0.0369,-0.0369,0.3732,0.3747,0.948,0
logols,1000,0.1,1,topcode,-0.0296,-0.0296,0.3586,0.3594,0.96,0
logols,1000,0.1,2,mean_adj,-0.0101,-0.0101,0.3481,0.3479,0.964,0
logols,1000,0.1,2,median_adj,-0.0259,-0.0259,0.3612,0.3618,0.946,0
logols,1000,0.1,2,raw,-0.0091,-0.0091,0.3582,0.3579,0.964,0
logols,1000,0.1,2,topcode,-0.0407,-0.0407,0.3488,0.3509,0.966,0
logols,1000,0.1,3,mean_adj,-0.0473,-0.0473,0.3667,0.3693,0.95,0
logols,1000,0.1,3,median_adj,-0.0068,-0.0068,0.3703,0.37,0.948,0
logols,1000,0.1,3,raw,-0.0233,-0.0233,0.3581,0.3585,0.964,0
logols,1000,0.1,3,topcode,-0.0277,-0.0277,0.3554,0.3562,0.96,0
logols,2000,0.01,1,mean_adj,-0.0516,-0.0516,0.214,0.22,0.958,0
logols,2000,0.01,1,median_adj,-0.0467,-0.0467,0.2183,0.2231,0.942,0
logols,2000,0.01,1,raw,-0.0333,-0.0333,0.2231,0.2254,0.946,0
logols,2000,0.01,1,topcode,-0.035,-0.035,0.2168,0.2194,0.954,0
logols,2000,0.01,2,mean_adj,-0.0346,-0.0346,0.209,0.2117,0.96,0
logols,2000,0.01,2,median_adj,-0.0332,-0.0332,0.2185,0.2208,0.962,0
logols,2000,0.01,2,raw,-0.0533,-0.0533,0.2183,0.2245,0.956,0
logols,2000,0.01,2,topcode,-0.0352,-0.0352,0.2207,0.2232,0.946,0
logols,2000,0.01,3,mean_adj,-0.0565,-0.0565,0.2163,0.2234,0.948,0
logols,2000,0.01,3,median_adj,-0.0284,-0.0284,0.2211,0.2227,0.952,0
logols,2000,0.01,3,raw,-0.0271,-0.0271,0.2271,0.2285,0.942,0
logols,2000,0.01,3,topcode,-0.0323,-0.0323,0.2141,0.2163,0.962,0
logols,2000,0.05,1,mean_adj,-0.0243,-0.0243,0.2323,0.2334,0.948,0
logols,2000,0.05,1,median_adj,-0.0279,-0.0279,0.2215,0.223,0.954,0
logols,2000,0.05,1,raw,-0.0246,-0.0246,0.2364,0.2375,0.96,0
logols,2000,0.05,1,topcode,-0.0419,-0.0419,0.2307,0.2343,0.966,0
logols,2000,0.05,2,mean_adj,-0.0264,-0.0264,0.2219,0.2232,0.958,0
logols,2000,0.05,2,median_adj,-0.0309,-0.0309,0.2216,0.2236,0.958,0
logols,2000,0.05,2,raw,-0.0484,-0.0484,0.2402,0.2448,0.952,0
logols,2000,0.05,2,topcode,-0.0201,-0.0201,0.2297,0.2304,0.966,0
logols,2000,0.05,3,mean_adj,-0.0292,-0.0292,0.2231,0.2248,0.974,0
logols,2000,0.05,3,median_adj,-0.0405,-0.0405,0.2359,0.2391,0.946,0
logols,2000,0.05,3,raw,-0.0327,-0.0327,0.2494,0.2513,0.948,0
logols,2000,0.05,3,topcode,-0.0086,-0.0086,0.242,0.2419,0.958,0
logols,2000,0.1,1,mean_adj,-0.0161,-0.0161,0.2461,0.2464,0.968,0
logols,2000,0.1,1,median_adj,-0.0293,-0.0293,0.2419,0.2435,0.966,0
logols,2000,0.1,1,raw,-0.0152,-0.0152,0.2592,0.2594,0.956,0
logols,2000,0.1,1,topcode,-0.0452,-0.0452,0.2477,0.2516,0.956,0
logols,2000,0.1,2,mean_adj,-0.0272,-0.0272,0.2495,0.2508,0.952,0
logols,2000,0.1,2,median_adj,-0.0196,-0.0196,0.2572,0.2577,0.946,0
logols,2000,0.1,2,raw,-0.0071,-0.0071,0.2572,0.257,0.952,0
logols,2000,0.1,2,topcode,-0.0402,-0.0402,0.2463,0.2493,0.95,0
logols,2000,0.1,3,mean_adj,-0.0151,-0.0151,0.252,0.2522,0.962,0
logols,2000,0.1,3,median_adj,-0.0212,-0.0212,0.2288,0.2296,0.982,0
logols,2000,0.1,3,raw,-0.0361,-0.0361,0.2784,0.2805,0.924,0
logols,2000,0.1,3,topcode,-0.0298,-0.0298,0.2506,0.2521,0.956,0
logols,5000,0.01,1,mean_adj,-0.033,-0.033,0.1421,0.1458,0.944,0
logols,5000,0.01,1,median_adj,-0.0315,-0.0315,0.1361,0.1396,0.954,0
logols,5000,0.01,1,raw,-0.0195,-0.0195,0.1334,0.1347,0.952,0
logols,5000,0.01,1,topcode,-0.0172,-0.0172,0.1402,0.1411,0.944,0
logols,5000,0.01,2,mean_adj,-0.0326,-0.0326,0.1391,0.1427,0.95,0
logols,5000,0.01,2,median_adj,-0.0364,-0.0364,0.1318,0.1366,0.958,0
logols,5000,0.01,2,raw,-0.0351,-0.0351,0.143,0.1471,0.958,0
logols,5000,0.01,2,topcode,-0.0212,-0.0212,0.1382,0.1397,0.952,0
logols,5000,0.01,3,mean_adj,-0.0285,-0.0285,0.1272,0.1302,0.964,0
logols,5000,0.01,3,median_adj,-0.0327,-0.0327,0.136,0.1397,0.956,0
logols,5000,0.01,3,raw,-0.0245,-0.0245,0.1367,0.1387,0.962,0
logols,5000,0.01,3,topcode,-0.032,-0.032,0.1333,0.137,0.964,0
logols,5000,0.05,1,mean_adj,-0.0045,-0.0045,0.1506,0.1505,0.952,0
logols,5000,0.05,1,median_adj,-0.0267,-0.0267,0.1456,0.1479,0.956,0
logols,5000,0.05,1,raw,-0.0349,-0.0349,0.1524,0.1562,0.938,0
logols,5000,0.05,1,topcode,-0.0272,-0.0272,0.1332,0.1358,0.966,0
logols,5000,0.05,2,mean_adj,-0.0344,-0.0344,0.1416,0.1456,0.958,0
logols,5000,0.05,2,median_adj,-0.0277,-0.0277,0.1377,0.1404,0.962,0
logols,5000,0.05,2,raw,-0.0394,-0.0394,0.149,0.154,0.956,0
logols,5000,0.05,2,topcode,-0.0246,-0.0246,0.1519,0.1538,0.956,0
logols,5000,0.05,3,mean_adj,-0.0302,-0.0302,0.1392,0.1423,0.966,0
logols,5000,0.05,3,median_adj,-0.024,-0.024,0.1541,0.1558,0.956,0
logols,5000,0.05,3,raw,-0.043,-0.043,0.1509,0.1567,0.956,0
logols,5000,0.05,3,topcode,-0.0283,-0.0283,0.1448,0.1474,0.962,0
logols,5000,0.1,1,mean_adj,-0.0284,-0.0284,0.1563,0.1587,0.96,0
logols,5000,0.1,1,median_adj,-0.0278,-0.0278,0.1522,0.1546,0.956,0
logols,5000,0.1,1,raw,-0.0245,-0.0245,0.1608,0.1625,0.942,0
logols,5000,0.1,1,topcode,-0.0273,-0.0273,0.1522,0.1544,0.964,0
logols,5000,0.1,2,mean_adj,-0.0312,-0.0312,0.1591,0.162,0.942,0
logols,5000,0.1,2,median_adj,-0.0197,-0.0197,0.1545,0.1556,0.968,0
logols,5000,0.1,2,raw,-0.0208,-0.0208,0.1662,0.1673,0.948,0
logols,5000,0.1,2,topcode,-0.0108,-0.0108,0.1665,0.1667,0.944,0
logols,5000,0.1,3,mean_adj,-0.03,-0.03,0.1561,0.1588,0.96,0
logols,5000,0.1,3,median_adj,-0.0266,-0.0266,0.1633,0.1653,0.956,0
logols,5000,0.1,3,raw,-0.0188,-0.0188,0.1633,0.1643,0.958,0
logols,5000,0.1,3,topcode,-0.0308,-0.0308,0.1608,0.1636,0.97,0
